{"vertexPositions":[1.0,1.0,-1.0,-1.0,1.0,-1.0,1.0,1.0,1.0,1.0,-1.0,1.0,-1.0,-1.0,1.0,-1.0,1.0,1.0,-1.0,-1.0,-1.0,1.0,-1.0,-1.0],"vertexUVs":[0.625,0.5,0.625,0.25,0.625,0.75,0.375,0.75,0.125,0.75,0.625,1.0,0.375,0.25,0.375,0.5],"vertexNormals":[0.577350259,0.577350259,-0.577350259,-0.577350259,0.577350259,-0.577350259,0.577350259,0.577350259,0.577350259,0.577350259,-0.577350259,0.577350259,-0.577350259,-0.577350259,0.577350259,-0.577350259,0.577350259,0.577350259,-0.577350259,-0.577350259,-0.577350259,0.577350259,-0.577350259,-0.577350259],"vertexTangents":[-0.4472136,0.8944272,0.0,-0.4472136,0.8944272,0.0,-0.4472136,0.8944272,0.0,0.4472136,0.8944272,0.0,0.4472136,0.8944272,0.0,-0.4472136,0.8944272,0.0,0.4472136,0.8944272,0.0,0.4472136,0.8944272,0.0],"vertexAttrEdge":[29,30,25,35,33,26,31,34],"edgeAttrNext":[1,2,0,4,5,3,7,8,6,10,11,9,13,14,12,16,17,15,19,20,18,22,23,21,25,26,24,28,29,27,31,32,30,34,35,33],"edgeAttrOpposite":[28,21,20,13,24,35,26,22,32,17,33,31,18,3,34,30,27,9,12,29,2,1,7,25,4,23,6,16,0,19,15,11,8,10,14,5],"edgeAttrHead":[1,2,0,2,4,3,5,1,4,7,4,6,2,3,7,1,7,6,7,0,2,1,5,2,2,5,4,1,0,7,6,4,1,7,3,4],"edgeAttrFace":[0,0,0,1,1,1,2,2,2,3,3,3,4,4,4,5,5,5,6,6,6,7,7,7,8,8,8,9,9,9,10,10,10,11,11,11],"faceAttrEdge":[0,3,6,9,12,15,18,21,24,27,30,33]}